Workbook

Sheet Summary
B3: Dimension Length | C3: Implementation 1 | D3: Implementation 2 | E3: Implementation 3
B4: 512 | C4: =Unblocked!C14 -> 0.2789438 | D4: ='256-blocked'!C14 -> 0.1485961 | E4: ='64-blocked'!C4 -> 0.09337
B5: 1024 | C5: =Unblocked!D14 -> 3.005433 | D5: ='256-blocked'!D14 -> 1.246322 | E5: ='64-blocked'!D4 -> 1.04152
B6: 1536 | C6: =Unblocked!E14 -> 20.13337 | D6: ='256-blocked'!E14 -> 3.934938 | E6: ='64-blocked'!E4 -> 2.73054
B7: 2048 | C7: =Unblocked!F14 -> 109.54218 | D7: ='256-blocked'!F14 -> 9.205206 | E7: ='64-blocked'!F4 -> 7.05738
B8: 2560 | C8: =Unblocked!G14 -> 145.4284 | D8: ='256-blocked'!G14 -> 18.33255 | E8: ='64-blocked'!G4 -> 13.1219
B9: 3072 | C9: =Unblocked!H14 -> 281.2415 | D9: ='256-blocked'!H14 -> 30.85664 | E9: ='64-blocked'!H4 -> 24.166
B10: 3584 | C10: =Unblocked!I14 -> 549.0792 | D10: ='256-blocked'!I14 -> 49.27025 | E10: ='64-blocked'!I4 -> 37.6665
B11: 4096 | C11: =Unblocked!J14 -> 868.128 | D11: ='256-blocked'!J14 -> 108.6613 | E11: ='64-blocked'!J4 -> 70.3027

Sheet Unblocked
B3: Size | C3: 512 | D3: 1024 | E3: 1536 | F3: 2048 | G3: 2560 | H3: 3072 | I3: 3584 | J3: 4096
C4: 0.270467 | D4: 2.84811 | E4: 20.1418 | F4: 59.553 | G4: 163.543 | H4: 293.614 | I4: 502.597 | J4: 872.79
C5: 0.283521 | D5: 2.8921 | E5: 20.1075 | F5: 58.8753 | G5: 152.679 | H5: 278.243 | I5: 746.317 | J5: 863.466
C6: 0.290649 | D6: 2.89461 | E6: 20.1936 | F6: 58.361 | G6: 143.352 | H6: 280.915 | I6: 519.965
C7: 0.271081 | D7: 3.34723 | E7: 20.0264 | F7: 59.0125 | G7: 143.937 | H7: 280.933 | I7: 502.81
C8: 0.2901 | D8: 3.06778 | E8: 20.4853 | F8: 58.9082 | G8: 142.693 | H8: 277.916 | I8: 497.987
C9: 0.272708 | D9: 3.1929 | E9: 20.0926 | F9: 58.3647 | G9: 145.584 | H9: 278.482 | I9: 496.585
C10: 0.28541 | D10: 2.94451 | E10: 20.303 | F10: 545.462 | G10: 139.633 | H10: 279.75 | I10: 507.855
C11: 0.275758 | D11: 3.02525 | E11: 19.8318 | F11: 67.061 | G11: 141.389 | H11: 281.233 | I11: 694.144
C12: 0.272532 | D12: 2.95251 | E12: 19.8246 | F12: 62.507 | G12: 141.142 | H12: 281.579 | I12: 524.545
C13: 0.277212 | D13: 2.88933 | E13: 20.3271 | F13: 67.3171 | G13: 140.332 | H13: 279.75 | I13: 497.987
B14: Average | C14: =AVERAGE(C4:C13) -> 0.2789438 | D14: =AVERAGE(D4:D13) -> 3.005433 | E14: =AVERAGE(E4:E13) -> 20.13337 | F14: =AVERAGE(F4:F13) -> 109.54218 | G14: =AVERAGE(G4:G13) -> 145.4284 | H14: =AVERAGE(H4:H13) -> 281.2415 | I14: =AVERAGE(I4:I13) -> 549.0792 | J14: =AVERAGE(J4:J13) -> 868.128

Sheet 64-blocked
B3: Size | C3: 512 | D3: 1024 | E3: 1536 | F3: 2048 | G3: 2560 | H3: 3072 | I3: 3584 | J3: 4096
C4: 0.09337 | D4: 1.04152 | E4: 2.73054 | F4: 7.05738 | G4: 13.1219 | H4: 24.166 | I4: 37.6665 | J4: 70.3027
C5: 0.0936942 | D5: 1.04352 | E5: 2.77011 | F5: 7.38061 | G5: 13.146 | H5: 24.2449 | I5: 37.0205 | J5: 71.8248
C6: 0.0943451 | D6: 0.921422 | E6: 2.83438 | F6: 7.16517 | G6: 13.1076 | H6: 24.4027 | I6: 36.769 | J6: 71.3608
C7: 0.109984 | D7: 0.896707 | E7: 2.80892 | F7: 7.12269 | G7: 13.1924 | H7: 24.2392 | I7: 36.8395 | J7: 68.7431
C8: 0.112782 | D8: 0.900423 | E8: 2.87021 | F8: 7.06053 | G8: 13.1415 | H8: 24.3453 | I8: 36.8217 | J8: 69.9194
C9: 0.154639 | D9: 0.861482 | E9: 2.81146 | F9: 7.0919 | G9: 13.161 | H9: 24.3157 | I9: 36.8548 | J9: 70.0534
C10: 0.126152 | D10: 0.915183 | E10: 2.80609 | F10: 7.08005 | G10: 13.0818 | H10: 24.2631 | I10: 36.9772 | J10: 70.1448
C11: 0.150144 | D11: 0.882027 | E11: 2.83042 | F11: 7.14113 | G11: 13.2746 | H11: 24.9761 | I11: 36.9414 | J11: 67.6779
C12: 0.101171 | D12: 0.916376 | E12: 2.8187 | F12: 7.08999 | G12: 13.1115 | H12: 24.3737 | I12: 36.8939 | J12: 69.8331
C13: 0.137137 | D13: 0.853225 | E13: 2.90623 | F13: 7.38907 | G13: 13.0867 | H13: 24.5115 | I13: 39.6264 | J13: 67.9522
B14: Average | C14: =AVERAGE(C4:C13) -> 0.11734183 | D14: =AVERAGE(D4:D13) -> 0.9231885 | E14: =AVERAGE(E4:E13) -> 2.818706 | F14: =AVERAGE(F4:F13) -> 7.157852 | G14: =AVERAGE(G4:G13) -> 13.1425 | H14: =AVERAGE(H4:H13) -> 24.38382 | I14: =AVERAGE(I4:I13) -> 37.24109 | J14: =AVERAGE(J4:J13) -> 69.78122

Sheet 256-blocked
B3: Size | C3: 512 | D3: 1024 | E3: 1536 | F3: 2048 | G3: 2560 | H3: 3072 | I3: 3584 | J3: 4096
C4: 0.127011 | D4: 1.28332 | E4: 4.00628 | F4: 9.18957 | G4: 17.5296 | H4: 31.5063 | I4: 49.7195 | J4: 101.892
C5: 0.131827 | D5: 1.17206 | E5: 3.76924 | F5: 9.36241 | G5: 18.0524 | H5: 31.6172 | I5: 49.6148 | J5: 106.743
C6: 0.127239 | D6: 1.13385 | E6: 3.97926 | F6: 9.28158 | G6: 18.1794 | H6: 31.0988 | I6: 49.6777 | J6: 108.399
C7: 0.155452 | D7: 1.31986 | E7: 3.97539 | F7: 9.03774 | G7: 18.229 | H7: 30.1677 | I7: 49.0772 | J7: 111.827
C8: 0.174743 | D8: 1.28418 | E8: 4.03279 | F8: 9.26843 | G8: 18.595 | H8: 31.0157 | I8: 49.6226 | J8: 110.358
C9: 0.151963 | D9: 1.23327 | E9: 4.18625 | F9: 9.10582 | G9: 19.2948 | H9: 30.4939 | I9: 48.6434 | J9: 111.488
C10: 0.171195 | D10: 1.32841 | E10: 3.9236 | F10: 9.106 | G10: 18.4131 | H10: 30.6863 | I10: 49.456 | J10: 109.329
C11: 0.157433 | D11: 1.22087 | E11: 3.81717 | F11: 9.54714 | G11: 18.18 | H11: 30.3651 | I11: 49.0616 | J11: 110.841
C12: 0.136513 | D12: 1.16146 | E12: 3.81235 | F12: 9.11941 | G12: 18.7106 | H12: 30.8863 | I12: 48.6545 | J12: 108.206
C13: 0.152585 | D13: 1.32594 | E13: 3.84705 | F13: 9.03396 | G13: 18.1416 | H13: 30.7291 | I13: 49.1752 | J13: 107.53
B14: Average | C14: =AVERAGE(C4:C13) -> 0.1485961 | D14: =AVERAGE(D4:D13) -> 1.246322 | E14: =AVERAGE(E4:E13) -> 3.934938 | F14: =AVERAGE(F4:F13) -> 9.205206 | G14: =AVERAGE(G4:G13) -> 18.33255 | H14: =AVERAGE(H4:H13) -> 30.85664 | I14: =AVERAGE(I4:I13) -> 49.27025 | J14: =AVERAGE(J4:J13) -> 108.6613
